1002,PYTHON BASICS,John Lenon,Terry,2026-06-10,2026-06-24
1002,PYTHON BASICS,John Lenon,Jennie,2026-06-10,2026-06-24
1002,PYTHON BASICS,John Lenon,Charlotte,2026-06-10,2026-06-24
1002,PYTHON BASICS,John Lenon,Adam,2026-06-10,2026-06-24
1002,PYTHON BASICS,John Lenon,Jennie,2026-06-10,2026-06-24
1712,The Little Prince,Antoine de Saint-Exupery,Adam,2026-06-10,2026-06-24
2900,To Kill a Mockingbird,Harper Lee,Julie,2026-06-10,2026-06-24
1002,PYTHON BASICS,John Lenon,ARISHA,2026-06-11,2026-06-25
1002,PYTHON BASICS,John Lenon,ARISHA,2026-06-11,2026-06-25
1003,ARISHA'S LIFE,ARISHA,HANNING,2026-06-11,2026-06-25
1003,ARISHA'S LIFE,ARISHA,XINWEY,2026-06-11,2026-06-25
1003,ARISHA'S LIFE,ARISHA,JEEHENG,2026-06-11,2026-06-25
1003,ARISHA'S LIFE,ARISHA,KEERTI,2026-06-11,2026-06-25
